team,country,year,athletes,age,prev_medals,medals
AFG,Afghanistan,1964,8,22.0,0.0,0
AFG,Afghanistan,1968,5,23.2,0.0,0
AFG,Afghanistan,1972,8,29.0,0.0,0
AFG,Afghanistan,1980,11,23.6,0.0,0
AFG,Afghanistan,2004,5,18.6,0.0,0
AFG,Afghanistan,2008,4,22.5,0.0,1
AHO,Netherlands Antilles,1964,4,28.5,0.0,0
AHO,Netherlands Antilles,1968,5,31.0,0.0,0
AHO,Netherlands Antilles,1972,2,38.5,0.0,0
AHO,Netherlands Antilles,1976,4,27.3,0.0,0
AHO,Netherlands Antilles,1984,13,18.2,0.0,0
AHO,Netherlands Antilles,1988,4,25.0,0.0,1
AHO,Netherlands Antilles,1992,4,30.2,1.0,0
AHO,Netherlands Antilles,1996,7,30.1,0.0,0
AHO,Netherlands Antilles,2000,8,30.6,0.0,0
AHO,Netherlands Antilles,2004,3,32.3,0.0,0
AHO,Netherlands Antilles,2008,4,23.0,0.0,0
ALB,Albania,1996,9,26.8,0.0,0
ALB,Albania,2000,5,31.2,0.0,0
ALB,Albania,2004,7,20.9,0.0,0
ALB,Albania,2008,12,27.2,0.0,0
ALG,Algeria,1968,9,25.8,0.0,0
ALG,Algeria,1972,7,22.7,0.0,0
ALG,Algeria,1980,63,23.4,0.0,0
ALG,Algeria,1984,33,24.3,0.0,2
ALG,Algeria,1988,45,24.6,2.0,0
ALG,Algeria,1992,36,23.8,0.0,2
ALG,Algeria,1996,47,24.2,2.0,3
ALG,Algeria,2000,51,24.9,3.0,5
ALG,Algeria,2004,71,25.1,5.0,0
ALG,Algeria,2008,57,25.2,0.0,2
AND,Andorra,1980,2,31.0,0.0,0
AND,Andorra,1984,2,35.0,0.0,0
AND,Andorra,1988,4,22.2,0.0,0
AND,Andorra,1992,8,23.1,0.0,0
AND,Andorra,1996,8,24.4,0.0,0
AND,Andorra,2000,5,31.0,0.0,0
AND,Andorra,2004,6,29.7,0.0,0
AND,Andorra,2008,5,26.6,0.0,0
ANG,Angola,1988,33,20.1,0.0,0
ANG,Angola,1992,33,23.9,0.0,0
ANG,Angola,1996,30,25.5,0.0,0
ANG,Angola,2000,30,26.8,0.0,0
ANG,Angola,2004,30,26.7,0.0,0
ANG,Angola,2008,33,27.2,0.0,0
ANT,Antigua and Barbuda,1984,27,21.1,0.0,0
ANT,Antigua and Barbuda,1988,25,23.3,0.0,0
ANT,Antigua and Barbuda,1992,18,25.4,0.0,0
ANT,Antigua and Barbuda,1996,19,24.4,0.0,0
ANT,Antigua and Barbuda,2000,4,29.5,0.0,0
ANT,Antigua and Barbuda,2004,5,20.0,0.0,0
ANT,Antigua and Barbuda,2008,5,22.2,0.0,0
ARG,Argentina,1964,148,27.5,4.0,1
ARG,Argentina,1968,132,26.1,1.0,2
ARG,Argentina,1972,123,26.3,2.0,1
ARG,Argentina,1976,106,24.2,1.0,0
ARG,Argentina,1984,115,24.9,0.0,0
ARG,Argentina,1988,134,25.0,0.0,13
ARG,Argentina,1992,111,24.3,13.0,2
ARG,Argentina,1996,221,24.5,2.0,20
ARG,Argentina,2000,165,25.0,20.0,20
ARG,Argentina,2004,179,27.0,20.0,49
ARG,Argentina,2008,145,27.1,49.0,51
ARM,Armenia,2000,26,25.6,2.0,1
ARM,Armenia,2004,19,26.7,1.0,0
ARM,Armenia,2008,26,24.9,0.0,6
ARU,Aruba,1992,5,28.0,0.0,0
ARU,Aruba,1996,3,23.3,0.0,0
ARU,Aruba,2000,5,19.6,0.0,0
ARU,Aruba,2004,4,22.0,0.0,0
ARU,Aruba,2008,2,25.5,0.0,0
ASA,American Samoa,1996,7,30.9,0.0,0
ASA,American Samoa,2000,4,27.0,0.0,0
ASA,American Samoa,2004,3,30.0,0.0,0
ASA,American Samoa,2008,4,23.5,0.0,0
AUS,Australia,1964,392,24.4,46.0,44
AUS,Australia,1968,224,23.1,44.0,51
AUS,Australia,1972,266,23.3,51.0,20
AUS,Australia,1976,274,24.0,20.0,23
AUS,Australia,1980,190,22.5,23.0,13
AUS,Australia,1984,337,23.8,13.0,52
AUS,Australia,1988,339,24.9,52.0,35
AUS,Australia,1992,390,23.8,35.0,57
AUS,Australia,1996,550,24.9,57.0,132
AUS,Australia-2,2000,788,25.8,132.0,183
AUS,Australia-1,2004,601,25.8,183.0,157
AUS,Australia,2008,570,26.1,157.0,149
AUT,Austria,1964,82,24.8,3.0,0
AUT,Austria,1968,59,25.9,0.0,5
AUT,Austria,1972,143,26.3,5.0,3
AUT,Austria,1976,73,27.3,3.0,1
AUT,Austria,1980,92,24.6,1.0,5
AUT,Austria,1984,130,25.2,5.0,3
AUT,Austria,1988,96,27.0,3.0,1
AUT,Austria,1992,127,26.2,1.0,6
AUT,Austria,1996,92,27.5,6.0,3
AUT,Austria,2000,114,26.3,3.0,4
AUT,Austria,2004,92,28.4,4.0,8
AUT,Austria,2008,93,27.3,8.0,3
AZE,Azerbaijan,2000,32,26.4,1.0,3
AZE,Azerbaijan,2004,37,26.6,3.0,5
AZE,Azerbaijan,2008,44,23.8,5.0,7
BAH,John B,1964,12,32.7,0.0,2
BAH,Bahamas,1968,22,27.5,2.0,0
BAH,Bahamas,1972,25,27.1,0.0,0
BAH,Bahamas,1976,19,23.2,0.0,0
BAH,Bahamas,1984,31,22.1,0.0,0
BAH,Bahamas,1988,18,26.9,0.0,0
BAH,Bahamas,1992,18,24.6,0.0,1
BAH,Bahamas,1996,36,27.1,1.0,5
BAH,Bahamas,2000,39,26.4,5.0,11
BAH,Bahamas,2004,28,25.8,11.0,2
BAH,Bahamas,2008,33,26.0,2.0,7
BAN,Bangladesh,1988,11,23.5,0.0,0
BAN,Bangladesh,1992,9,24.6,0.0,0
BAN,Bangladesh,1996,4,22.8,0.0,0
BAN,Bangladesh,2000,6,20.8,0.0,0
BAN,Bangladesh,2004,4,19.2,0.0,0
BAN,Bangladesh,2008,5,24.4,0.0,0
BAR,Barbados,1972,20,24.4,0.0,0
BAR,Barbados,1976,17,23.2,0.0,0
BAR,Barbados,1984,25,24.2,0.0,0
BAR,Barbados,1988,26,23.4,0.0,0
BAR,Barbados,1992,22,26.1,0.0,0
BAR,Barbados,1996,22,20.9,0.0,0
BAR,Barbados,2000,28,23.5,0.0,1
BAR,Barbados,2004,15,23.2,1.0,0
BAR,Barbados,2008,10,22.4,0.0,0
BDI,Burundi,2000,6,25.2,1.0,0
BDI,Burundi,2004,7,25.0,0.0,0
BDI,Burundi,2008,3,24.3,0.0,0
BEL,Belgium,1964,74,25.0,4.0,3
BEL,Belgium,1968,106,23.5,3.0,3
BEL,Belgium,1972,106,24.7,3.0,2
BEL,Belgium,1976,149,22.6,2.0,9
BEL,Belgium,1980,84,23.0,9.0,1
BEL,Belgium,1984,86,24.1,1.0,5
BEL,Belgium,1988,85,24.3,5.0,2
BEL,Belgium,1992,103,24.8,2.0,3
BEL,Belgium,1996,81,27.1,3.0,6
BEL,Belgium,2000,94,25.8,6.0,7
BEL,Belgium,2004,70,28.9,7.0,3
BEL,Belgium,2008,112,24.9,3.0,5
BEN,Benin,1980,17,24.0,0.0,0
BEN,Benin,1984,3,25.3,0.0,0
BEN,Benin,1988,10,27.6,0.0,0
BEN,Benin,1992,7,22.4,0.0,0
BEN,Benin,1996,7,25.7,0.0,0
BEN,Benin,2000,4,25.8,0.0,0
BEN,Benin,2004,4,22.8,0.0,0
BEN,Benin,2008,5,24.4,0.0,0
BER,Oleander XII,1964,4,25.5,0.0,0
BER,Bermuda,1968,6,29.2,0.0,0
BER,Bermuda,1972,9,30.0,0.0,0
BER,Bermuda,1976,20,25.0,0.0,1
BER,Bermuda,1984,13,25.1,1.0,0
BER,Bermuda,1988,14,28.6,0.0,0
BER,Bermuda,1992,29,23.7,0.0,0
BER,Bermuda,1996,10,30.7,0.0,0
BER,Bermuda,2000,7,31.9,0.0,0
BER,Bermuda,2004,10,31.3,0.0,0
BER,Bermuda,2008,6,24.0,0.0,0
BHU,Bhutan,1988,6,34.0,0.0,0
BHU,Bhutan,1992,12,22.2,0.0,0
BHU,Bhutan,1996,2,23.5,0.0,0
BHU,Bhutan,2000,2,25.0,0.0,0
BHU,Bhutan,2004,2,25.5,0.0,0
BHU,Bhutan,2008,2,27.0,0.0,0
BIH,Bosnia and Herzegovina,1996,12,27.3,0.0,0
BIH,Bosnia and Herzegovina,2000,11,28.5,0.0,0
BIH,Bosnia and Herzegovina,2004,11,27.6,0.0,0
BIH,Bosnia and Herzegovina,2008,7,32.4,0.0,0
BIZ,Belize,1972,2,66.0,0.0,0
BIZ,Belize,1976,4,44.3,0.0,0
BIZ,Belize,1984,13,22.4,0.0,0
BIZ,Belize,1988,13,22.3,0.0,0
BIZ,Belize,1992,18,22.5,0.0,0
BIZ,Belize,1996,5,26.8,0.0,0
BIZ,Belize,2000,2,21.0,0.0,0
BIZ,Belize,2004,2,23.5,0.0,0
BIZ,Belize,2008,4,26.8,0.0,0
BLR,Belarus,2000,231,24.9,23.0,22
BLR,Belarus,2004,192,25.5,22.0,15
BLR,Belarus,2008,237,25.6,15.0,29
BOL,Bolivia,1968,4,39.0,0.0,0
BOL,Bolivia,1972,14,30.8,0.0,0
BOL,Bolivia,1976,5,30.8,0.0,0
BOL,Bolivia,1984,13,28.6,0.0,0
BOL,Bolivia,1988,12,20.5,0.0,0
BOL,Bolivia,1992,21,25.0,0.0,0
BOL,Bolivia,1996,9,22.6,0.0,0
BOL,Bolivia,2000,5,24.2,0.0,0
BOL,Bolivia,2004,11,20.5,0.0,0
BOL,Bolivia,2008,7,32.4,0.0,0
BOT,Botswana,1984,8,28.5,0.0,0
BOT,Botswana,1988,11,25.2,0.0,0
BOT,Botswana,1992,6,27.7,0.0,0
BOT,Botswana,1996,7,25.6,0.0,0
BOT,Botswana,2000,9,24.9,0.0,0
BOT,Botswana,2004,12,24.4,0.0,0
BOT,Botswana,2008,11,23.8,0.0,0
BRA,Brazil,1964,65,24.4,13.0,12
BRA,Brazil,1968,89,24.9,12.0,4
BRA,Brazil,1972,104,23.1,4.0,2
BRA,Brazil,1976,89,23.6,2.0,3
BRA,Brazil,1980,149,23.3,3.0,9
BRA,Brazil,1984,197,24.3,9.0,36
BRA,Brazil,1988,233,24.3,36.0,23
BRA,Brazil,1992,233,25.2,23.0,14
BRA,Brazil,1996,251,25.3,14.0,63
BRA,Brazil,2000,236,25.0,63.0,48
BRA,Brazil,2004,318,25.3,48.0,40
BRA,Brazil,2008,338,25.7,40.0,78
BRN,Bahrain,1988,16,23.7,0.0,0
BRN,Bahrain,1992,15,24.9,0.0,0
BRN,Bahrain,2004,10,22.6,0.0,0
BRN,Bahrain,2008,15,24.3,0.0,0
BRU,Brunei,2000,2,26.5,0.0,0
BRU,Brunei,2004,1,22.0,0.0,0
BUL,Bulgaria,1964,116,26.5,7.0,10
BUL,Bulgaria,1968,189,24.3,10.0,26
BUL,Bulgaria,1972,226,23.9,26.0,22
BUL,Bulgaria,1976,254,22.2,22.0,39
BUL,Bulgaria,1980,397,23.1,39.0,90
BUL,Bulgaria,1988,281,23.1,90.0,41
BUL,Bulgaria,1992,236,22.3,41.0,17
BUL,Bulgaria,1996,181,24.1,17.0,21
BUL,Bulgaria,2000,150,25.4,21.0,13
BUL,Bulgaria,2004,119,25.4,13.0,17
BUL,Bulgaria,2008,87,26.6,17.0,5
BUR,Burkina Faso,1988,9,23.8,0.0,0
BUR,Burkina Faso,1992,4,25.5,0.0,0
BUR,Burkina Faso,1996,5,20.4,0.0,0
BUR,Burkina Faso,2000,4,22.2,0.0,0
BUR,Burkina Faso,2004,5,28.8,0.0,0
BUR,Burkina Faso,2008,6,27.5,0.0,0
CAF,Central African Republic,1988,15,25.0,0.0,0
CAF,Central African Republic,1992,21,23.5,0.0,0
CAF,Central African Republic,1996,5,25.2,0.0,0
CAF,Central African Republic,2000,3,32.7,0.0,0
CAF,Central African Republic,2004,4,26.0,0.0,0
CAF,Central African Republic,2008,3,21.3,0.0,0
CAM,Cambodia,1972,17,23.6,0.0,0
CAM,Cambodia,1996,5,20.8,0.0,0
CAM,Cambodia,2000,4,23.8,0.0,0
CAM,Cambodia,2004,4,20.2,0.0,0
CAM,Cambodia,2008,4,18.0,0.0,0
CAN,Canada,1964,194,24.4,9.0,5
CAN,Canada,1968,291,24.0,5.0,10
CAN,Canada,1972,344,23.2,10.0,11
CAN,Canada,1976,531,22.8,11.0,23
CAN,Canada,1984,572,23.7,23.0,87
CAN,Canada,1988,503,24.1,87.0,23
CAN,Canada,1992,445,25.1,23.0,44
CAN,Canada-2,1996,408,26.4,44.0,50
CAN,Canada-2,2000,422,26.0,50.0,31
CAN,Canada,2004,391,26.2,31.0,17
CAN,Canada,2008,449,26.5,17.0,35
CAY,Cayman Islands,1984,14,25.0,0.0,0
CAY,Cayman Islands,1988,12,22.2,0.0,0
CAY,Cayman Islands,1992,13,26.6,0.0,0
CAY,Cayman Islands,1996,9,30.8,0.0,0
CAY,Cayman Islands,2000,4,24.0,0.0,0
CAY,Cayman Islands,2004,8,21.8,0.0,0
CAY,Cayman Islands,2008,6,21.8,0.0,0
CGO,Congo (Brazzaville),1972,8,21.4,0.0,0
CGO,Congo (Brazzaville),1980,25,26.6,0.0,0
CGO,Congo (Brazzaville),1984,13,27.8,0.0,0
CGO,Congo (Brazzaville),1988,10,24.3,0.0,0
CGO,Congo (Brazzaville),1992,10,24.3,0.0,0
CGO,Congo (Brazzaville),1996,5,21.6,0.0,0
CGO,Congo (Brazzaville),2000,5,22.2,0.0,0
CGO,Congo (Brazzaville),2004,5,22.0,0.0,0
CGO,Congo (Brazzaville),2008,5,24.0,0.0,0
CHA,Chad,1968,4,24.5,0.0,0
CHA,Chad,1972,5,25.0,0.0,0
CHA,Chad,1984,3,28.0,0.0,0
CHA,Chad,1988,6,23.0,0.0,0
CHA,Chad,1992,7,22.1,0.0,0
CHA,Chad,1996,4,21.5,0.0,0
CHA,Chad,2000,3,22.7,0.0,0
CHA,Chad,2004,1,27.0,0.0,0
CHA,Chad,2008,2,22.5,0.0,0
CHI,Chile,1964,16,27.8,0.0,0
CHI,Chile,1968,25,29.4,0.0,0
CHI,Chile,1972,13,27.5,0.0,0
CHI,Chile,1976,9,27.8,0.0,0
CHI,Chile,1984,64,26.4,0.0,0
CHI,Chile,1988,23,26.8,0.0,1
CHI,Chile,1992,15,27.1,1.0,0
CHI,Chile,1996,24,23.5,0.0,0
CHI,Chile,2000,58,25.9,0.0,17
CHI,Chile,2004,29,26.0,17.0,4
CHI,Chile,2008,29,27.0,4.0,1
CHN,China,1984,323,22.1,0.0,74
CHN,China,1988,427,22.5,74.0,52
CHN,China,1992,394,22.1,52.0,82
CHN,China,1996,438,22.1,82.0,106
CHN,China,2000,414,22.6,106.0,79
CHN,China,2004,518,23.0,79.0,94
CHN,China,2008,730,23.9,94.0,184
CIV,Cote d'Ivoire,1968,11,26.8,0.0,0
CIV,Cote d'Ivoire,1972,13,28.2,0.0,0
CIV,Cote d'Ivoire,1976,11,20.3,0.0,0
CIV,Cote d'Ivoire,1984,18,24.1,0.0,1
CIV,Cote d'Ivoire,1988,29,23.1,1.0,0
CIV,Cote d'Ivoire,1992,18,23.7,0.0,0
CIV,Cote d'Ivoire,1996,13,23.5,0.0,0
CIV,Cote d'Ivoire,2000,18,23.6,0.0,0
CIV,Cote d'Ivoire,2004,5,24.2,0.0,0
CIV,Cote d'Ivoire,2008,22,24.1,0.0,0
CMR,Cameroon,1968,5,24.8,0.0,1
CMR,Cameroon,1972,18,23.2,1.0,0
CMR,Cameroon,1976,4,23.8,0.0,0
CMR,Cameroon,1980,29,25.0,0.0,0
CMR,Cameroon,1984,56,26.1,0.0,1
CMR,Cameroon,1988,21,23.4,1.0,0
CMR,Cameroon,1992,12,24.0,0.0,0
CMR,Cameroon,1996,19,24.2,0.0,0
CMR,Cameroon,2000,39,22.4,0.0,18
CMR,Cameroon,2004,19,24.2,18.0,1
CMR,Cameroon,2008,32,23.2,1.0,1
COD,Congo (Kinshasa),1984,9,23.3,0.0,0
COD,Congo (Kinshasa),1988,21,23.6,0.0,0
COD,Congo (Kinshasa),1992,19,24.5,0.0,0
COD,Congo (Kinshasa),1996,14,25.8,0.0,0
COD,Congo (Kinshasa),2000,3,24.7,0.0,0
COD,Congo (Kinshasa),2004,6,20.8,0.0,0
COD,Congo (Kinshasa),2008,5,27.4,0.0,0
COK,Cook Islands,1992,2,22.5,0.0,0
COK,Cook Islands,1996,3,26.3,0.0,0
COK,Cook Islands,2000,2,24.0,0.0,0
COK,Cook Islands,2004,3,26.3,0.0,0
COK,Cook Islands,2008,4,22.0,0.0,0
COL,Colombia,1964,40,27.9,0.0,0
COL,Colombia,1968,70,19.5,0.0,0
COL,Colombia,1972,75,23.1,0.0,3
COL,Colombia,1976,44,23.6,3.0,0
COL,Colombia,1980,28,25.0,0.0,0
COL,Colombia,1984,48,25.2,0.0,1
COL,Colombia,1988,57,24.9,1.0,1
COL,Colombia,1992,61,24.4,1.0,1
COL,Colombia,1996,62,25.8,1.0,0
COL,Colombia,2000,54,25.8,0.0,1
COL,Colombia,2004,71,25.6,1.0,2
COL,Colombia,2008,90,24.9,2.0,2
COM,Comoros,2000,2,19.5,0.0,0
COM,Comoros,2004,3,27.7,0.0,0
COM,Comoros,2008,3,21.7,0.0,0
CPV,Cape Verde,2000,2,31.5,0.0,0
CPV,Cape Verde,2004,3,27.3,0.0,0
CPV,Cape Verde,2008,2,25.5,0.0,0
CRC,Costa Rica,1968,27,27.7,0.0,0
CRC,Costa Rica,1972,4,31.8,0.0,0
CRC,Costa Rica,1976,10,24.0,0.0,0
CRC,Costa Rica,1980,37,23.8,0.0,0
CRC,Costa Rica,1984,32,24.8,0.0,0
CRC,Costa Rica,1988,33,20.7,0.0,1
CRC,Costa Rica,1992,20,26.8,1.0,0
CRC,Costa Rica,1996,13,24.8,0.0,1
CRC,Costa Rica,2000,9,25.3,1.0,2
CRC,Costa Rica,2004,21,24.7,2.0,0
CRC,Costa Rica,2008,8,24.5,0.0,0
CRO,Croatia,1996,117,24.6,15.0,28
CRO,Croatia,2000,108,24.5,28.0,10
CRO,Croatia,2004,100,25.9,10.0,21
CRO,Croatia,2008,125,25.9,21.0,5
CUB,Cuba,1964,76,21.7,0.0,1
CUB,Cuba,1968,227,21.5,1.0,10
CUB,Cuba,1972,201,22.3,10.0,22
CUB,Cuba,1976,194,23.5,22.0,24
CUB,Cuba,1980,288,23.7,24.0,20
CUB,Cuba,1992,196,24.8,20.0,69
CUB,Cuba,1996,178,25.7,69.0,55
CUB,Cuba,2000,271,26.5,55.0,65
CUB,Cuba,2004,177,26.0,65.0,62
CUB,Cuba,2008,171,25.6,62.0,47
CYP,Cyprus,1984,12,30.0,0.0,0
CYP,Cyprus,1988,11,27.4,0.0,0
CYP,Cyprus,1992,19,24.4,0.0,0
CYP,Cyprus,1996,24,24.0,0.0,0
CYP,Cyprus,2000,24,25.2,0.0,0
CYP,Cyprus,2004,21,25.2,0.0,0
CYP,Cyprus,2008,18,24.5,0.0,0
CZE,Czech Republic,2000,162,25.2,13.0,9
CZE,Czech Republic,2004,171,26.5,9.0,13
CZE,Czech Republic,2008,158,26.1,13.0,7
DEN,Denmark,1964,71,24.1,23.0,12
DEN,Denmark,1968,93,26.1,12.0,17
DEN,Denmark,1972,155,26.3,17.0,1
DEN,Denmark,1976,81,26.8,1.0,8
DEN,Denmark,1980,60,26.6,8.0,8
DEN,Denmark,1984,74,25.1,8.0,13
DEN,Denmark,1988,130,23.9,13.0,7
DEN,Denmark,1992,144,25.0,7.0,14
DEN,Denmark,1996,145,25.8,14.0,23
DEN,Denmark,2000,124,27.8,23.0,25
DEN,Denmark,2004,115,27.4,25.0,29
DEN,Digby,2008,108,26.5,29.0,19
DJI,Djibouti,1988,6,24.2,0.0,1
DJI,Djibouti,1992,8,25.9,1.0,0
DJI,Djibouti,1996,5,32.4,0.0,0
DJI,Djibouti,2000,2,25.0,0.0,0
DMA,Dominica,2000,4,22.2,0.0,0
DMA,Dominica,2004,2,22.0,0.0,0
DMA,Dominica,2008,2,25.0,0.0,0
DOM,Dominican Republic,1968,24,26.1,0.0,0
DOM,Dominican Republic,1972,5,29.4,0.0,0
DOM,Dominican Republic,1976,11,20.8,0.0,0
DOM,Dominican Republic,1980,7,21.8,0.0,0
DOM,Dominican Republic,1984,24,23.8,0.0,1
DOM,Dominican Republic,1988,18,24.8,1.0,0
DOM,Dominican Republic,1992,32,22.8,0.0,0
DOM,Dominican Republic,1996,16,23.5,0.0,0
DOM,Dominican Republic,2000,13,23.0,0.0,0
DOM,Dominican Republic,2004,33,24.4,0.0,1
DOM,Dominican Republic,2008,27,25.4,1.0,2
ECU,Ecuador,1972,4,18.5,0.0,0
ECU,Ecuador,1976,8,21.4,0.0,0
ECU,Ecuador,1980,16,19.8,0.0,0
ECU,Ecuador,1984,15,28.1,0.0,0
ECU,Ecuador,1988,15,26.1,0.0,0
ECU,Ecuador,1992,15,26.0,0.0,0
ECU,Ecuador,1996,28,24.1,0.0,1
ECU,Ecuador,2000,11,27.7,1.0,0
ECU,Ecuador,2004,18,27.9,0.0,0
ECU,Ecuador,2008,26,26.2,0.0,1
EGY,Egypt,1964,83,25.4,5.0,0
EGY,Egypt,1968,35,25.8,0.0,0
EGY,Egypt,1972,26,23.5,0.0,0
EGY,Egypt,1976,26,24.7,0.0,0
EGY,Egypt,1984,148,24.2,0.0,1
EGY,Egypt,1988,59,23.7,1.0,0
EGY,Egypt,1992,83,23.8,0.0,0
EGY,Egypt,1996,33,24.8,0.0,0
EGY,Egypt,2000,103,24.7,0.0,0
EGY,Egypt,2004,104,25.0,0.0,5
EGY,Egypt,2008,116,24.9,5.0,1
ERI,Eritrea,2004,5,23.2,0.0,1
ERI,Eritrea,2008,11,25.0,1.0,0
ESA,El Salvador,1972,18,30.8,0.0,0
ESA,El Salvador,1984,15,21.9,0.0,0
ESA,El Salvador,1988,7,23.7,0.0,0
ESA,El Salvador,1992,6,19.8,0.0,0
ESA,El Salvador,1996,10,24.7,0.0,0
ESA,El Salvador,2000,10,24.5,0.0,0
ESA,El Salvador,2004,9,23.7,0.0,0
ESA,El Salvador,2008,14,25.2,0.0,0
ESP,Spain,1964,67,23.9,14.0,0
ESP,Spain,1968,137,23.9,0.0,0
ESP,Spain,1972,162,24.6,0.0,1
ESP,Spain,1976,160,23.0,1.0,6
ESP,Spain,1980,211,23.0,6.0,24
ESP,Spain,1984,257,23.5,24.0,19
ESP,Spain,1988,317,23.8,19.0,5
ESP,Spain,1992,537,24.3,5.0,69
ESP,Spain,1996,384,25.1,69.0,66
ESP,Spain,2000,431,25.6,66.0,42
ESP,Spain,2004,423,26.0,42.0,30
ESP,Spain,2008,355,26.7,30.0,70
EST,Estonia,1992,46,24.1,7.0,3
EST,Estonia,1996,52,27.4,3.0,0
EST,Estonia,2000,41,27.6,0.0,3
EST,Estonia,2004,45,25.9,3.0,3
EST,Estonia,2008,53,25.0,3.0,3
ETH,Ethiopia,1964,19,24.6,1.0,1
ETH,Ethiopia,1968,26,26.7,1.0,2
ETH,Ethiopia,1972,40,26.4,2.0,2
ETH,Ethiopia,1980,48,25.5,2.0,4
ETH,Ethiopia,1992,24,21.7,4.0,3
ETH,Ethiopia,1996,19,22.9,3.0,3
ETH,Ethiopia,2000,27,22.9,3.0,8
ETH,Ethiopia,2004,27,22.9,8.0,7
ETH,Ethiopia,2008,29,23.9,7.0,7
FIJ,Fiji,1972,4,23.5,0.0,0
FIJ,Fiji,1976,5,24.0,0.0,0
FIJ,Fiji,1984,26,25.2,0.0,0
FIJ,Fiji,1988,41,24.0,0.0,0
FIJ,Fiji,1992,36,22.8,0.0,0
FIJ,Fiji,1996,21,23.8,0.0,0
FIJ,Fiji,2000,9,24.6,0.0,0
FIJ,Fiji,2004,9,26.9,0.0,0
FIJ,Fiji,2008,6,30.8,0.0,0
FIN,Finland,1964,151,25.9,6.0,5
FIN,Finland,1968,126,25.1,5.0,4
FIN,Finland,1972,133,26.9,4.0,10
FIN,Finland,1976,108,26.5,10.0,6
FIN,Finland,1980,125,25.8,6.0,9
FIN,Finland,1984,107,26.5,9.0,12
FIN,Finland,1988,101,27.7,12.0,4
FIN,Finland,1992,130,25.5,4.0,7
FIN,Finland,1996,105,26.0,7.0,4
FIN,Finland,2000,88,26.2,4.0,5
FIN,Finland,2004,67,27.3,5.0,2
FIN,Finland,2008,70,27.3,2.0,5
FRA,France,1964,214,24.8,12.0,31
FRA,France,1968,311,24.2,31.0,27
FRA,France,1972,356,24.4,27.0,22
FRA,France,1976,302,24.5,22.0,20
FRA,France,1980,200,23.7,20.0,29
FRA,France,1984,354,24.3,29.0,67
FRA,France,1988,413,24.5,67.0,29
FRA,France,1992,486,25.5,29.0,57
FRA,France,1996,453,25.3,57.0,51
FRA,France,2000,470,26.0,51.0,66
FRA,France,2004,461,26.2,66.0,53
FRA,France,2008,448,26.4,53.0,77
FRG,West Germany,1972,587,24.6,51.0,102
FRG,West Germany,1976,452,24.2,102.0,78
FRG,West Germany,1984,571,23.9,78.0,158
FRG,West Germany,1988,516,24.7,158.0,115
FSM,Federated States of Micronesia,2004,5,22.6,0.0,0
FSM,Federated States of Micronesia,2008,5,22.6,0.0,0
GAB,Gabon,1984,4,21.2,0.0,0
GAB,Gabon,1988,2,21.5,0.0,0
GAB,Gabon,1992,5,23.8,0.0,0
GAB,Gabon,1996,9,27.1,0.0,0
GAB,Gabon,2000,6,27.5,0.0,0
GAB,Gabon,2004,5,24.0,0.0,0
GAB,Gabon,2008,4,25.5,0.0,0
GAM,Gambia,1988,6,23.5,0.0,0
GAM,Gambia,1992,8,23.6,0.0,0
GAM,Gambia,1996,12,22.8,0.0,0
GAM,Gambia,2000,2,22.0,0.0,0
GAM,Gambia,2004,3,22.0,0.0,0
GAM,Gambia,2008,3,21.3,0.0,0
GBR,Great Britain,1964,301,25.0,28.0,28
GBR,Great Britain,1968,328,24.8,28.0,19
GBR,Great Britain,1972,433,24.3,19.0,29
GBR,Great Britain,1976,353,24.3,29.0,32
GBR,Great Britain,1980,328,22.8,32.0,47
GBR,Great Britain,1984,509,24.5,47.0,71
GBR,Great Britain,1988,472,25.8,71.0,54
GBR,Great Britain,1992,512,25.9,54.0,50
GBR,Great Britain,1996,391,26.7,50.0,26
GBR,Great Britain,2000,415,26.4,26.0,54
GBR,Great Britain,2004,360,26.3,54.0,57
GBR,Great Britain,2008,420,25.3,57.0,81
GBS,Guinea Bissau,2000,3,26.3,0.0,0
GBS,Guinea Bissau,2004,3,25.0,0.0,0
GBS,Guinea Bissau,2008,3,23.7,0.0,0
GDR,East Germany,1972,454,23.3,52.0,151
GDR,East Germany,1976,407,21.9,151.0,195
GDR,East Germany,1980,495,22.7,195.0,264
GDR,East Germany,1988,402,23.1,264.0,181
GEO,Georgia,2000,47,25.4,2.0,6
GEO,Georgia,2004,39,25.4,6.0,4
GEO,Georgia,2008,38,26.2,4.0,6
GEQ,Equatorial Guinea,1988,7,22.3,0.0,0
GEQ,Equatorial Guinea,1992,8,21.4,0.0,0
GEQ,Equatorial Guinea,1996,8,25.2,0.0,0
GEQ,Equatorial Guinea,2000,4,21.5,0.0,0
GEQ,Equatorial Guinea,2004,2,20.5,0.0,0
GEQ,Equatorial Guinea,2008,3,28.7,0.0,0
GER,Germany,1964,478,24.9,89.0,116
GER,Germany,1992,653,24.6,116.0,198
GER,Germany,1996,626,26.4,198.0,124
GER,Germany,2000,567,26.9,124.0,118
GER,Germany,2004,592,26.9,118.0,149
GER,Germany,2008,558,26.8,149.0,99
GHA,Ghana,1964,40,24.7,1.0,1
GHA,Ghana,1968,36,26.0,1.0,0
GHA,Ghana,1972,41,26.5,0.0,1
GHA,Ghana,1984,27,23.0,1.0,0
GHA,Ghana,1988,21,20.8,0.0,0
GHA,Ghana,1992,41,21.5,0.0,20
GHA,Ghana,1996,40,22.0,20.0,0
GHA,Ghana,2000,28,23.2,0.0,0
GHA,Ghana,2004,29,23.5,0.0,0
GHA,Ghana,2008,9,23.4,0.0,0
GRE,Proteus II,1964,19,27.7,3.0,0
GRE,Greece,1968,44,26.1,0.0,1
GRE,Greece,1972,66,24.4,1.0,2
GRE,Greece,1976,40,26.0,2.0,0
GRE,Greece,1980,45,23.7,0.0,5
GRE,Greece,1984,73,24.2,5.0,2
GRE,Greece,1988,72,23.5,2.0,1
GRE,Greece,1992,76,24.9,1.0,2
GRE,Greece,1996,180,22.3,2.0,8
GRE,Greece,2000,175,24.4,8.0,18
GRE,Greece,2004,499,25.6,18.0,31
GRE,Greece,2008,176,26.0,31.0,7
GRN,Grenada,1988,7,24.2,0.0,0
GRN,Grenada,1996,5,20.0,0.0,0
GRN,Grenada,2000,3,19.3,0.0,0
GRN,Grenada,2004,5,22.8,0.0,0
GRN,Grenada,2008,9,24.8,0.0,0
GUA,Guatemala,1968,67,25.5,0.0,0
GUA,Guatemala,1972,11,26.9,0.0,0
GUA,Guatemala,1976,28,25.0,0.0,0
GUA,Guatemala,1980,10,28.3,0.0,0
GUA,Guatemala,1984,53,19.7,0.0,0
GUA,Guatemala,1988,37,24.5,0.0,0
GUA,Guatemala,1992,41,18.5,0.0,0
GUA,Guatemala,1996,28,24.8,0.0,0
GUA,Guatemala,2000,18,25.6,0.0,0
GUA,Guatemala,2004,19,26.7,0.0,0
GUA,Guatemala,2008,13,27.5,0.0,0
GUI,Guinea,1980,10,26.7,0.0,0
GUI,Guinea,1984,1,33.0,0.0,0
GUI,Guinea,1988,7,19.0,0.0,0
GUI,Guinea,1992,11,25.0,0.0,0
GUI,Guinea,1996,5,21.0,0.0,0
GUI,Guinea,2000,6,23.5,0.0,0
GUI,Guinea,2004,4,23.0,0.0,0
GUI,Guinea,2008,5,23.2,0.0,0
GUM,Guam,1992,45,23.6,0.0,0
GUM,Guam,1996,9,24.7,0.0,0
GUM,Guam,2000,7,27.7,0.0,0
GUM,Guam,2004,4,25.2,0.0,0
GUM,Guam,2008,7,21.4,0.0,0
GUY,Guyana,1968,6,22.8,0.0,0
GUY,Guyana,1972,4,22.8,0.0,0
GUY,Guyana,1980,10,24.1,0.0,1
GUY,Guyana,1984,12,24.4,1.0,0
GUY,Guyana,1988,8,25.0,0.0,0
GUY,Guyana,1992,7,24.9,0.0,0
GUY,Guyana,1996,9,22.8,0.0,0
GUY,Guyana,2000,4,23.8,0.0,0
GUY,Guyana,2004,4,24.8,0.0,0
GUY,Guyana,2008,4,25.0,0.0,0
HAI,Haiti,1972,7,21.6,0.0,0
HAI,Haiti,1976,14,24.7,0.0,0
HAI,Haiti,1984,3,26.0,0.0,0
HAI,Haiti,1988,5,26.8,0.0,0
HAI,Haiti,1992,8,28.1,0.0,0
HAI,Haiti,1996,7,24.1,0.0,0
HAI,Haiti,2000,5,23.8,0.0,0
HAI,Haiti,2004,8,25.9,0.0,0
HAI,Haiti,2008,7,27.0,0.0,0
HKG,Hong Kong,1964,50,27.9,0.0,0
HKG,Hong Kong,1968,25,25.5,0.0,0
HKG,Hong Kong,1972,18,25.3,0.0,0
HKG,Hong Kong,1976,50,26.3,0.0,0
HKG,Hong Kong,1984,87,23.7,0.0,0
HKG,Hong Kong,1988,91,23.5,0.0,0
HKG,Hong Kong,1992,66,22.5,0.0,0
HKG,Hong Kong,1996,32,27.2,0.0,1
HKG,Hong Kong,2000,46,21.9,1.0,0
HKG,Hong Kong,2004,42,23.3,0.0,2
HKG,Hong Kong,2008,47,25.7,2.0,0
HON,Honduras,1976,3,22.0,0.0,0
HON,Honduras,1984,26,23.3,0.0,0
HON,Honduras,1988,18,19.1,0.0,0
HON,Honduras,1992,27,21.4,0.0,0
HON,Honduras,1996,7,24.3,0.0,0
HON,Honduras,2000,20,22.4,0.0,0
HON,Honduras,2004,5,22.8,0.0,0
HON,Honduras,2008,26,22.8,0.0,0
HUN,Hungary,1964,319,24.5,66.0,56
HUN,Hungary,1968,303,24.4,56.0,81
HUN,Hungary,1972,367,24.4,81.0,81
HUN,Hungary,1976,288,23.7,81.0,55
HUN,Hungary,1980,392,24.0,55.0,61
HUN,Hungary,1988,315,23.7,61.0,44
HUN,Hungary,1992,351,24.1,44.0,45
HUN,Hungary,1996,315,24.4,45.0,43
HUN,Hungary,2000,238,25.6,43.0,53
HUN,Hungary,2004,258,26.0,53.0,40
HUN,Hungary,2008,216,25.7,40.0,27
INA,Indonesia,1968,6,33.5,0.0,0
INA,Indonesia,1972,7,24.7,0.0,0
INA,Indonesia,1976,11,23.5,0.0,0
INA,Indonesia,1984,23,23.8,0.0,0
INA,Indonesia,1988,43,21.9,0.0,3
INA,Indonesia,1992,51,23.5,3.0,6
INA,Indonesia,1996,45,24.5,6.0,6
INA,Indonesia,2000,54,24.4,6.0,8
INA,Indonesia,2004,39,24.4,8.0,5
INA,Indonesia,2008,26,25.0,5.0,7
IND,India,1964,111,25.7,13.0,15
IND,India,1968,27,26.3,15.0,16
IND,India,1972,43,26.0,16.0,14
IND,India,1976,26,26.7,14.0,0
IND,India,1980,78,25.5,0.0,16
IND,India,1984,53,24.9,16.0,0
IND,India,1988,55,24.1,0.0,0
IND,India,1992,61,24.4,0.0,0
IND,India,1996,54,24.6,0.0,1
IND,India,2000,70,25.4,1.0,1
IND,India,2004,81,24.7,1.0,1
IND,India,2008,67,25.4,1.0,3
IOA,Individual Olympic Athletes,2000,4,26.5,3.0,0
IRI,Iran,1964,96,26.6,4.0,2
IRI,Iran,1968,14,26.0,2.0,5
IRI,Iran,1972,56,25.1,5.0,3
IRI,Iran,1976,104,25.6,3.0,2
IRI,Iran,1988,26,22.8,2.0,1
IRI,Iran,1992,44,25.5,1.0,3
IRI,Iran,1996,18,24.3,3.0,3
IRI,Iran,2000,34,24.4,3.0,4
IRI,Iran,2004,37,24.6,4.0,6
IRI,Iran,2008,55,25.1,6.0,2
IRL,Ireland,1964,35,28.5,0.0,1
IRL,Ireland,1968,57,25.2,1.0,0
IRL,Ireland,1972,84,26.5,0.0,0
IRL,Ireland,1976,59,24.5,0.0,0
IRL,Ireland,1980,57,24.8,0.0,3
IRL,Ireland,1984,55,24.7,3.0,1
IRL,Ireland,1988,78,25.7,1.0,0
IRL,Ireland,1992,77,27.3,0.0,2
IRL,Ireland,1996,99,27.4,2.0,4
IRL,Ireland,2000,76,26.9,4.0,1
IRL,Ireland,2004,55,29.0,1.0,0
IRL,Ireland,2008,63,27.3,0.0,3
IRQ,Iraq,1964,19,25.3,1.0,0
IRQ,Iraq,1968,4,26.0,0.0,0
IRQ,Iraq,1980,44,24.4,0.0,0
IRQ,Iraq,1984,25,24.3,0.0,0
IRQ,Iraq,1988,28,25.5,0.0,0
IRQ,Iraq,1992,8,26.2,0.0,0
IRQ,Iraq,1996,3,30.3,0.0,0
IRQ,Iraq,2000,4,24.5,0.0,0
IRQ,Iraq,2004,24,23.0,0.0,0
IRQ,Iraq,2008,4,26.5,0.0,0
ISL,Iceland,1964,5,24.0,0.0,0
ISL,Iceland,1968,16,25.1,0.0,0
ISL,Iceland,1972,30,23.6,0.0,0
ISL,Iceland,1976,22,21.3,0.0,0
ISL,Iceland,1980,12,24.0,0.0,0
ISL,Iceland,1984,35,23.1,0.0,1
ISL,Iceland,1988,42,24.4,1.0,0
ISL,Iceland,1992,31,27.1,0.0,0
ISL,Iceland,1996,15,21.8,0.0,0
ISL,Iceland,2000,29,22.5,0.0,1
ISL,Iceland,2004,34,26.0,1.0,0
ISL,Iceland,2008,31,25.2,0.0,14
ISR,Israel,1964,13,25.2,0.0,0
ISR,Israel,1968,39,23.5,0.0,0
ISR,Israel,1972,17,27.7,0.0,0
ISR,Israel,1976,34,24.3,0.0,0
ISR,Israel,1984,65,21.9,0.0,0
ISR,Israel,1988,29,22.5,0.0,0
ISR,Israel,1992,44,23.5,0.0,2
ISR,Israel,1996,38,26.6,2.0,1
ISR,Israel,2000,58,24.2,1.0,1
ISR,Israel,2004,46,25.9,1.0,2
ISR,Israel,2008,60,24.6,2.0,1
ISV,United States Virgin Islands,1972,16,32.3,0.0,0
ISV,United States Virgin Islands,1976,26,26.6,0.0,0
ISV,United States Virgin Islands,1984,52,24.8,0.0,0
ISV,United States Virgin Islands,1988,46,24.8,0.0,1
ISV,United States Virgin Islands,1992,34,29.0,1.0,0
ISV,United States Virgin Islands,1996,14,26.1,0.0,0
ISV,United States Virgin Islands,2000,12,30.9,0.0,0
ISV,United States Virgin Islands,2004,9,27.1,0.0,0
ISV,United States Virgin Islands,2008,8,26.1,0.0,0
ITA,Italy,1964,256,25.0,88.0,51
ITA,Italy,1968,268,25.8,51.0,33
ITA,Italy,1972,345,23.7,33.0,25
ITA,Italy,1976,312,23.9,25.0,31
ITA,Italy,1980,203,23.7,31.0,37
ITA,Italy,1984,368,23.9,37.0,63
ITA,Italy,1988,374,24.1,63.0,29
ITA,Italy,1992,431,25.2,29.0,45
ITA,Italy,1996,460,26.2,45.0,71
ITA,Italy,2000,457,26.0,71.0,65
ITA,Italy,2004,474,26.1,65.0,104
ITA,Italy,2008,459,26.8,104.0,42
IVB,British Virgin Islands,1988,4,24.2,0.0,0
IVB,British Virgin Islands,1992,4,35.0,0.0,0
IVB,British Virgin Islands,1996,11,22.6,0.0,0
IVB,British Virgin Islands,2000,1,25.0,0.0,0
IVB,British Virgin Islands,2004,1,27.0,0.0,0
IVB,British Virgin Islands,2008,2,25.0,0.0,0
JAM,Miss Nippon IV,1964,32,24.1,0.0,0
JAM,Jamaica,1968,35,23.5,0.0,1
JAM,Jamaica,1972,51,21.1,1.0,1
JAM,Jamaica,1976,36,22.9,1.0,2
JAM,Jamaica,1980,32,22.8,2.0,3
JAM,Jamaica,1984,75,21.6,3.0,7
JAM,Jamaica,1988,49,24.0,7.0,7
JAM,Jamaica,1992,51,24.2,7.0,4
JAM,Jamaica,1996,69,25.6,4.0,16
JAM,Jamaica,2000,65,26.1,16.0,23
JAM,Jamaica,2004,62,24.7,23.0,13
JAM,Jamaica,2008,66,25.6,13.0,14
JOR,Jordan,1984,15,26.2,0.0,0
JOR,Jordan,1988,9,22.4,0.0,0
JOR,Jordan,1992,5,23.6,0.0,0
JOR,Jordan,1996,5,20.4,0.0,0
JOR,Jordan,2000,8,24.1,0.0,0
JOR,Jordan,2004,8,21.5,0.0,0
JOR,Jordan,2008,7,20.4,0.0,0
JPN,Japan,1964,456,24.3,31.0,62
JPN,Japan,1968,289,23.5,62.0,63
JPN,Japan,1972,293,24.2,63.0,56
JPN,Japan,1976,328,24.3,56.0,41
JPN,Japan,1984,365,23.5,41.0,49
JPN,Japan,1988,412,23.9,49.0,20
JPN,Japan,1992,392,23.7,20.0,47
JPN,Japan-1,1996,448,23.4,47.0,42
JPN,Japan,2000,363,25.0,42.0,44
JPN,Japan-1,2004,414,25.7,44.0,93
JPN,Japan,2008,457,25.6,93.0,51
KAZ,Kazakhstan,2000,158,26.6,11.0,7
KAZ,Kazakhstan,2004,130,26.4,7.0,8
KAZ,Kazakhstan,2008,146,25.7,8.0,13
KEN,Kenya,1964,41,26.2,0.0,1
KEN,Kenya,1968,50,24.5,1.0,12
KEN,Kenya,1972,69,25.8,12.0,12
KEN,Kenya,1984,67,25.2,12.0,3
KEN,Kenya,1988,88,25.9,3.0,9
KEN,Kenya,1992,55,26.8,9.0,8
KEN,Kenya,1996,54,26.1,8.0,8
KEN,Kenya,2000,59,25.1,8.0,7
KEN,Kenya,2004,46,25.1,7.0,7
KEN,Kenya,2008,47,24.4,7.0,15
KGZ,Kyrgyzstan,2000,71,24.9,0.0,1
KGZ,Kyrgyzstan,2004,32,25.2,1.0,0
KGZ,Kyrgyzstan,2008,22,24.9,0.0,2
KIR,Kiribati,2008,2,23.5,0.0,0
KOR,South Korea,1964,240,23.4,0.0,3
KOR,South Korea,1968,66,23.5,3.0,2
KOR,South Korea,1972,43,23.9,2.0,1
KOR,South Korea,1976,51,24.5,1.0,17
KOR,South Korea,1984,240,21.5,17.0,41
KOR,South Korea,1988,551,21.7,41.0,77
KOR,South Korea,1992,322,21.8,77.0,49
KOR,South Korea,1996,417,22.5,49.0,66
KOR,South Korea,2000,359,24.1,66.0,73
KOR,South Korea,2004,344,24.2,73.0,52
KOR,South Korea,2008,329,24.9,52.0,78
KSA,Saudi Arabia,1976,19,22.9,0.0,0
KSA,Saudi Arabia,1984,42,20.9,0.0,0
KSA,Saudi Arabia,1988,13,23.8,0.0,0
KSA,Saudi Arabia,1992,17,23.2,0.0,0
KSA,Saudi Arabia,1996,34,22.9,0.0,0
KSA,Saudi Arabia,2000,23,23.9,0.0,2
KSA,Saudi Arabia,2004,16,26.2,2.0,0
KSA,Saudi Arabia,2008,18,27.6,0.0,0
KUW,Kuwait,1976,21,20.8,0.0,0
KUW,Kuwait,1980,67,20.4,0.0,0
KUW,Kuwait,1984,31,20.8,0.0,0
KUW,Kuwait,1988,34,21.5,0.0,0
KUW,Kuwait,1992,37,21.9,0.0,0
KUW,Kuwait,1996,27,25.4,0.0,0
KUW,Kuwait,2000,30,23.7,0.0,1
KUW,Kuwait,2004,11,25.4,1.0,0
KUW,Kuwait,2008,8,26.1,0.0,0
LAO,Laos,1988,3,22.3,0.0,0
LAO,Laos,1992,7,25.4,0.0,0
LAO,Laos,1996,5,22.4,0.0,0
LAO,Laos,2000,3,23.0,0.0,0
LAO,Laos,2004,5,20.8,0.0,0
LAO,Laos,2008,4,19.0,0.0,0
LAT,Latvia,1992,40,25.3,2.0,3
LAT,Latvia,1996,55,26.0,3.0,1
LAT,Latvia,2000,60,26.0,1.0,3
LAT,Latvia,2004,45,26.4,3.0,4
LAT,Latvia,2008,53,26.1,4.0,3
LBA,Libya,1992,5,25.5,0.0,0
LBA,Libya,1996,5,23.4,0.0,0
LBA,Libya,2000,3,25.7,0.0,0
LBA,Libya,2004,8,20.8,0.0,0
LBA,Libya,2008,6,22.3,0.0,0
LBR,Liberia,1964,2,20.0,0.0,0
LBR,Liberia,1972,5,23.6,0.0,0
LBR,Liberia,1984,10,21.0,0.0,0
LBR,Liberia,1988,11,23.5,0.0,0
LBR,Liberia,1996,7,22.6,0.0,0
LBR,Liberia,2000,10,24.9,0.0,0
LBR,Liberia,2004,2,23.0,0.0,0
LBR,Liberia,2008,4,27.8,0.0,0
LCA,Saint Lucia,2000,5,22.2,0.0,0
LCA,Saint Lucia,2004,2,22.5,0.0,0
LCA,Saint Lucia,2008,4,24.5,0.0,0
LES,Lesotho,1980,7,26.7,0.0,0
LES,Lesotho,1984,5,29.2,0.0,0
LES,Lesotho,1988,6,23.3,0.0,0
LES,Lesotho,1992,8,21.4,0.0,0
LES,Lesotho,1996,11,23.6,0.0,0
LES,Lesotho,2000,6,24.2,0.0,0
LES,Lesotho,2004,3,23.0,0.0,0
LES,Lesotho,2008,5,28.8,0.0,0
LIB,Lebanon,1964,8,31.1,0.0,0
LIB,Lebanon,1968,15,26.6,0.0,0
LIB,Lebanon,1972,36,24.7,0.0,1
LIB,Lebanon,1976,4,20.7,1.0,0
LIB,Lebanon,1980,19,25.2,0.0,1
LIB,Lebanon,1984,30,25.1,1.0,0
LIB,Lebanon,1988,31,21.3,0.0,0
LIB,Lebanon,1992,18,22.8,0.0,0
LIB,Lebanon,2000,6,22.8,0.0,0
LIB,Lebanon,2004,5,23.0,0.0,0
LIB,Lebanon,2008,6,24.7,0.0,0
LIE,Liechtenstein,1964,3,23.7,0.0,0
LIE,Liechtenstein,1968,3,22.0,0.0,0
LIE,Liechtenstein,1972,12,25.2,0.0,0
LIE,Liechtenstein,1976,9,23.1,0.0,0
LIE,Liechtenstein,1984,8,26.6,0.0,0
LIE,Liechtenstein,1988,16,24.2,0.0,0
LIE,Liechtenstein,1992,8,26.5,0.0,0
LIE,Liechtenstein,1996,2,29.0,0.0,0
LIE,Liechtenstein,2000,2,21.5,0.0,0
LIE,Liechtenstein,2004,1,25.0,0.0,0
LIE,Liechtenstein,2008,2,31.5,0.0,0
LTU,Lithuania,1996,81,25.4,13.0,11
LTU,Lithuania,2000,77,25.3,11.0,17
LTU,Lithuania,2004,70,25.8,17.0,3
LTU,Lithuania,2008,78,26.2,3.0,5
LUX,Luxembourg,1964,27,27.5,0.0,0
LUX,Luxembourg,1968,7,28.0,0.0,0
LUX,Luxembourg,1972,15,29.7,0.0,0
LUX,Luxembourg,1976,9,28.2,0.0,0
LUX,Luxembourg,1980,4,30.0,0.0,0
LUX,Luxembourg,1984,5,35.2,0.0,0
LUX,Luxembourg,1988,11,25.6,0.0,0
LUX,Luxembourg,1992,8,31.1,0.0,0
LUX,Luxembourg,1996,7,33.4,0.0,0
LUX,Luxembourg,2000,9,26.7,0.0,0
LUX,Luxembourg,2004,14,23.7,0.0,0
LUX,Luxembourg,2008,19,25.3,0.0,0
MAD,Madagascar,1968,6,25.3,0.0,0
MAD,Madagascar,1972,13,25.6,0.0,0
MAD,Madagascar,1980,18,19.1,0.0,0
MAD,Madagascar,1984,5,23.8,0.0,0
MAD,Madagascar,1992,17,22.4,0.0,0
MAD,Madagascar,1996,14,23.2,0.0,0
MAD,Madagascar,2000,13,25.8,0.0,0
MAD,Madagascar,2004,8,26.0,0.0,0
MAD,Madagascar,2008,6,25.8,0.0,0
MAR,Morocco,1964,21,23.8,1.0,0
MAR,Morocco,1968,25,23.9,0.0,0
MAR,Morocco,1972,39,23.8,0.0,0
MAR,Morocco,1976,9,25.2,0.0,0
MAR,Morocco,1984,35,25.5,0.0,2
MAR,Morocco,1988,29,25.1,2.0,3
MAR,Morocco,1992,45,23.6,3.0,3
MAR,Morocco,1996,38,25.5,3.0,2
MAR,Morocco,2000,55,24.6,2.0,5
MAR,Morocco,2004,57,25.5,5.0,3
MAR,Morocco,2008,49,26.9,3.0,2
MAS,Malaysia,1968,35,24.6,0.0,0
MAS,Malaysia,1972,57,23.7,0.0,0
MAS,Malaysia,1976,25,25.2,0.0,0
MAS,Malaysia,1984,27,23.6,0.0,0
MAS,Malaysia,1988,17,20.9,0.0,0
MAS,Malaysia,1992,30,25.1,0.0,2
MAS,Malaysia-1,1996,43,22.7,2.0,3
MAS,Malaysia,2000,55,22.2,3.0,0
MAS,Malaysia,2004,38,22.8,0.0,0
MAS,Malaysia,2008,42,23.3,0.0,1
MAW,Malawi,1984,23,25.9,0.0,0
MAW,Malawi,1988,22,26.8,0.0,0
MAW,Malawi,1992,4,21.5,0.0,0
MAW,Malawi,1996,2,26.5,0.0,0
MAW,Malawi,2000,2,21.0,0.0,0
MAW,Malawi,2004,4,20.5,0.0,0
MAW,Malawi,2008,4,19.0,0.0,0
MDA,Moldova,2000,35,24.7,3.0,2
MDA,Moldova,2004,33,25.9,2.0,0
MDA,Moldova,2008,30,27.1,0.0,1
MDV,Maldives,1992,10,22.5,0.0,0
MDV,Maldives,1996,9,22.4,0.0,0
MDV,Maldives,2000,4,18.2,0.0,0
MDV,Maldives,2004,4,20.2,0.0,0
MDV,Maldives,2008,4,20.2,0.0,0
MEX,Mexico,1964,128,25.9,1.0,1
MEX,Mexico,1968,446,22.5,1.0,9
MEX,Mexico,1972,281,22.6,9.0,1
MEX,Mexico,1976,137,23.9,1.0,2
MEX,Mexico,1980,74,24.4,2.0,10
MEX,Mexico,1984,155,23.9,10.0,6
MEX,Mexico,1988,144,23.9,6.0,2
MEX,Mexico,1992,140,24.1,2.0,1
MEX,Mexico,1996,111,24.8,1.0,1
MEX,Mexico,2000,98,25.7,1.0,6
MEX,Mexico,2004,137,25.8,6.0,4
MEX,Mexico,2008,103,25.7,4.0,4
MGL,Mongolia,1968,38,22.4,0.0,4
MGL,Mongolia,1972,44,26.6,4.0,1
MGL,Mongolia,1976,33,26.3,1.0,1
MGL,Mongolia,1980,57,23.5,1.0,4
MGL,Mongolia,1988,32,24.2,4.0,1
MGL,Mongolia,1992,38,25.0,1.0,2
MGL,Mongolia,1996,18,24.9,2.0,1
MGL,Mongolia,2000,23,26.0,1.0,0
MGL,Mongolia,2004,21,24.5,0.0,1
MGL,Mongolia,2008,31,26.2,1.0,4
MKD,Macedonia,2000,15,20.9,0.0,1
MKD,Macedonia,2004,14,24.4,1.0,0
MKD,Macedonia,2008,7,23.9,0.0,0
MLI,Mali,1968,2,26.0,0.0,0
MLI,Mali,1972,3,29.7,0.0,0
MLI,Mali,1980,7,25.0,0.0,0
MLI,Mali,1984,5,24.8,0.0,0
MLI,Mali,1988,8,21.4,0.0,0
MLI,Mali,1992,6,24.0,0.0,0
MLI,Mali,1996,4,26.5,0.0,0
MLI,Mali,2000,5,19.8,0.0,0
MLI,Mali,2004,21,21.5,0.0,0
MLI,Mali,2008,17,24.2,0.0,0
MLT,Malta,1968,1,33.0,0.0,0
MLT,Malta,1972,5,25.6,0.0,0
MLT,Malta,1980,12,25.9,0.0,0
MLT,Malta,1984,7,26.9,0.0,0
MLT,Malta,1988,6,23.7,0.0,0
MLT,Malta,1992,8,25.9,0.0,0
MLT,Malta,1996,10,26.1,0.0,0
MLT,Malta,2000,7,25.7,0.0,0
MLT,Malta,2004,7,22.6,0.0,0
MLT,Malta,2008,6,22.2,0.0,0
MON,Monaco,1964,1,24.0,0.0,0
MON,Monaco,1968,2,29.5,0.0,0
MON,Monaco,1972,5,40.0,0.0,0
MON,Monaco,1976,10,36.3,0.0,0
MON,Monaco,1984,8,31.9,0.0,0
MON,Monaco,1988,9,26.3,0.0,0
MON,Monaco,1992,4,20.8,0.0,0
MON,Monaco,1996,4,24.0,0.0,0
MON,Monaco,2000,4,25.8,0.0,0
MON,Monaco,2004,3,31.7,0.0,0
MON,Monaco,2008,5,29.0,0.0,0
MOZ,Mozambique,1984,14,25.6,0.0,0
MOZ,Mozambique,1988,12,20.7,0.0,0
MOZ,Mozambique,1992,7,21.7,0.0,0
MOZ,Mozambique,1996,3,23.7,0.0,1
MOZ,Mozambique,2000,4,23.5,1.0,1
MOZ,Mozambique,2004,4,21.8,1.0,0
MOZ,Mozambique,2008,4,23.5,0.0,0
MRI,Mauritius,1988,11,24.9,0.0,0
MRI,Mauritius,1992,22,20.0,0.0,0
MRI,Mauritius,1996,36,23.9,0.0,0
MRI,Mauritius,2000,26,23.2,0.0,0
MRI,Mauritius,2004,9,24.2,0.0,0
MRI,Mauritius,2008,11,26.7,0.0,1
MTN,Mauritania,1988,7,26.0,0.0,0
MTN,Mauritania,1992,6,25.8,0.0,0
MTN,Mauritania,1996,4,28.5,0.0,0
MTN,Mauritania,2000,2,17.0,0.0,0
MTN,Mauritania,2004,2,23.5,0.0,0
MTN,Mauritania,2008,2,20.5,0.0,0
MYA,Myanmar,1964,12,26.0,0.0,0
MYA,Myanmar,1968,4,26.5,0.0,0
MYA,Myanmar,1972,19,23.3,0.0,0
MYA,Myanmar,1980,2,28.5,0.0,0
MYA,Myanmar,1984,1,26.0,0.0,0
MYA,Myanmar,1988,3,26.7,0.0,0
MYA,Myanmar,1992,5,27.0,0.0,0
MYA,Myanmar,1996,3,37.7,0.0,0
MYA,Myanmar,2000,7,23.7,0.0,0
MYA,Myanmar,2004,2,26.5,0.0,0
MYA,Myanmar,2008,7,24.7,0.0,0
NAM,Namibia,1996,10,26.9,2.0,2
NAM,Namibia,2000,16,26.1,2.0,0
NAM,Namibia,2004,10,32.8,0.0,0
NAM,Namibia,2008,11,29.5,0.0,0
NCA,Nicaragua,1972,10,23.4,0.0,0
NCA,Nicaragua,1976,25,20.1,0.0,0
NCA,Nicaragua,1980,6,17.3,0.0,0
NCA,Nicaragua,1984,5,23.4,0.0,0
NCA,Nicaragua,1992,9,25.2,0.0,0
NCA,Nicaragua,1996,28,26.2,0.0,0
NCA,Nicaragua,2000,6,26.2,0.0,0
NCA,Nicaragua,2004,6,23.3,0.0,0
NCA,Nicaragua,2008,7,26.7,0.0,0
NED,Netherlands,1964,158,23.5,3.0,31
NED,Netherlands,1968,140,23.6,31.0,14
NED,Netherlands,1972,199,22.6,14.0,6
NED,Netherlands,1976,175,22.6,6.0,14
NED,Netherlands,1980,112,23.1,14.0,6
NED,Netherlands,1984,185,24.1,6.0,41
NED,Netherlands,1988,202,25.0,41.0,45
NED,Netherlands,1992,257,25.4,45.0,33
NED,Netherlands,1996,290,26.3,33.0,73
NED,Netherlands,2000,285,27.2,73.0,79
NED,Netherlands,2004,264,26.7,79.0,77
NED,Netherlands,2008,283,26.7,77.0,61
NEP,Nepal,1976,1,23.0,0.0,0
NEP,Nepal,1980,10,23.6,0.0,0
NEP,Nepal,1984,10,27.0,0.0,0
NEP,Nepal,1988,20,25.1,0.0,0
NEP,Nepal,1992,2,26.0,0.0,0
NEP,Nepal,1996,6,26.0,0.0,0
NEP,Nepal,2000,5,25.2,0.0,0
NEP,Nepal,2004,6,26.7,0.0,0
NEP,Nepal,2008,8,27.1,0.0,0
NGR,Nigeria,1964,19,24.4,0.0,1
NGR,Nigeria,1968,46,24.0,1.0,0
NGR,Nigeria,1972,36,25.3,0.0,1
NGR,Nigeria,1980,56,23.1,1.0,0
NGR,Nigeria,1984,36,23.1,0.0,5
NGR,Nigeria,1988,86,23.5,5.0,0
NGR,Nigeria,1992,72,22.3,0.0,11
NGR,Nigeria,1996,84,23.1,11.0,24
NGR,Nigeria,2000,100,23.9,24.0,8
NGR,Nigeria,2004,79,24.3,8.0,8
NGR,Nigeria,2008,89,23.8,8.0,23
NIG,Niger,2004,4,21.0,0.0,0
NOR,Norway,1964,43,26.3,2.0,0
NOR,Norway,1968,86,22.5,0.0,6
NOR,Norway,1972,161,24.2,6.0,8
NOR,Norway,1976,79,24.1,8.0,6
NOR,Norway,1984,132,24.5,6.0,4
NOR,Norway,1988,79,25.0,4.0,22
NOR,Norway,1992,114,23.6,22.0,23
NOR,Norway,1996,116,25.5,23.0,23
NOR,Norway,2000,115,27.2,23.0,43
NOR,Norway,2004,60,29.3,43.0,7
NOR,Norway,2008,102,28.2,7.0,22
NRU,Nauru,2000,2,26.5,0.0,0
NRU,Nauru,2004,3,19.7,0.0,0
NRU,Nauru,2008,1,21.0,0.0,0
NZL,New Zealand,1964,88,25.5,3.0,6
NZL,New Zealand,1968,65,24.1,6.0,7
NZL,New Zealand,1972,112,24.7,7.0,14
NZL,New Zealand,1976,98,24.7,14.0,25
NZL,New Zealand,1980,7,26.4,25.0,0
NZL,New Zealand,1984,162,24.8,0.0,23
NZL,New Zealand,1988,112,27.1,23.0,24
NZL,New Zealand,1992,175,26.4,24.0,15
NZL,New Zealand,1996,129,25.6,15.0,9
NZL,New Zealand,2000,177,27.1,9.0,4
NZL,New Zealand,2004,184,26.6,4.0,6
NZL,New Zealand,2008,201,26.5,6.0,15
OMA,Oman,1988,13,25.0,0.0,0
OMA,Oman,1992,5,26.4,0.0,0
OMA,Oman,1996,5,25.8,0.0,0
OMA,Oman,2000,8,28.2,0.0,0
OMA,Oman,2004,2,30.5,0.0,0
OMA,Oman,2008,4,26.8,0.0,0
PAK,Pakistan,1964,47,26.8,14.0,16
PAK,Pakistan,1968,15,25.5,16.0,13
PAK,Pakistan,1972,26,24.2,13.0,15
PAK,Pakistan,1976,24,25.6,15.0,16
PAK,Pakistan,1984,33,24.2,16.0,16
PAK,Pakistan,1988,33,23.0,16.0,1
PAK,Pakistan,1992,28,23.8,1.0,16
PAK,Pakistan,1996,24,23.8,16.0,0
PAK,Pakistan,2000,27,24.4,0.0,0
PAK,Pakistan,2004,26,25.3,0.0,0
PAK,Pakistan,2008,22,24.0,0.0,0
PAN,Panama,1964,15,23.3,0.0,0
PAN,Panama,1968,16,25.8,0.0,0
PAN,Panama,1972,8,27.0,0.0,0
PAN,Panama,1976,13,21.0,0.0,0
PAN,Panama,1984,10,21.7,0.0,0
PAN,Panama,1988,9,23.9,0.0,0
PAN,Panama,1992,7,28.0,0.0,0
PAN,Panama,1996,9,22.4,0.0,0
PAN,Panama,2000,7,24.1,0.0,0
PAN,Panama,2004,5,22.4,0.0,0
PAN,Panama,2008,5,23.6,0.0,1
PAR,Paraguay,1976,6,27.8,0.0,0
PAR,Paraguay,1984,18,27.6,0.0,0
PAR,Paraguay,1988,13,27.4,0.0,0
PAR,Paraguay,1992,31,19.9,0.0,0
PAR,Paraguay,1996,7,22.6,0.0,0
PAR,Paraguay,2000,5,20.0,0.0,0
PAR,Paraguay,2004,22,23.3,0.0,17
PAR,Paraguay,2008,7,22.3,17.0,0
PER,Peru,1964,40,26.1,0.0,0
PER,Peru,1968,33,24.1,0.0,0
PER,Peru,1972,31,22.2,0.0,0
PER,Peru,1976,14,21.6,0.0,0
PER,Peru,1980,38,22.6,0.0,0
PER,Peru,1984,44,21.7,0.0,1
PER,Peru,1988,26,24.6,1.0,12
PER,Peru,1992,21,24.7,12.0,1
PER,Peru,1996,33,23.9,1.0,0
PER,Peru,2000,22,26.5,0.0,0
PER,Peru,2004,14,26.6,0.0,0
PER,Peru,2008,13,24.9,0.0,0
PHI,Kalayaan,1964,70,25.8,0.0,1
PHI,Philippines,1968,89,24.3,1.0,0
PHI,Philippines,1972,79,24.5,0.0,0
PHI,Philippines,1976,22,25.2,0.0,0
PHI,Philippines,1984,32,23.4,0.0,0
PHI,Philippines,1988,42,22.1,0.0,1
PHI,Philippines,1992,38,24.8,1.0,1
PHI,Philippines,1996,18,26.7,1.0,1
PHI,Philippines,2000,22,21.8,1.0,0
PHI,Philippines,2004,21,22.3,0.0,0
PHI,Philippines,2008,17,22.9,0.0,0
PLE,Palestine,2000,2,22.5,0.0,0
PLE,Palestine,2004,3,20.3,0.0,0
PLE,Palestine,2008,4,20.8,0.0,0
PLW,Palau,2004,4,25.8,0.0,0
PLW,Palau,2008,5,23.2,0.0,0
PNG,Papua New Guinea,1984,12,26.0,0.0,0
PNG,Papua New Guinea,1988,15,24.3,0.0,0
PNG,Papua New Guinea,1992,19,24.0,0.0,0
PNG,Papua New Guinea,1996,17,23.2,0.0,0
PNG,Papua New Guinea,2000,5,18.6,0.0,0
PNG,Papua New Guinea,2004,6,21.7,0.0,0
PNG,Papua New Guinea,2008,9,24.6,0.0,0
POL,Poland,1964,240,25.7,30.0,46
POL,Poland,1968,296,24.6,46.0,37
POL,Poland,1972,418,24.4,37.0,46
POL,Poland,1976,286,25.1,46.0,73
POL,Poland,1980,418,24.2,73.0,50
POL,Poland,1988,192,25.5,50.0,21
POL,Poland,1992,263,24.3,21.0,46
POL,Poland,1996,207,25.5,46.0,22
POL,Poland,2000,240,25.4,22.0,24
POL,Poland,2004,224,25.4,24.0,12
POL,Poland,2008,316,26.4,12.0,20
POR,Portugal,1964,25,29.1,2.0,0
POR,Portugal,1968,33,26.0,0.0,0
POR,Portugal,1972,41,30.6,0.0,0
POR,Portugal,1976,36,20.9,0.0,2
POR,Portugal,1980,18,21.4,2.0,0
POR,Portugal,1984,48,25.6,0.0,3
POR,Portugal,1988,91,23.3,3.0,1
POR,Portugal,1992,115,25.0,1.0,0
POR,Portugal,1996,131,23.7,0.0,3
POR,Portugal,2000,64,27.6,3.0,2
POR,Portugal,2004,93,25.6,2.0,3
POR,Portugal,2008,87,27.8,3.0,2
PRK,North Korea,1976,40,25.0,15.0,2
PRK,North Korea,1980,121,20.7,2.0,5
PRK,North Korea,1992,123,21.2,5.0,10
PRK,North Korea-1,1996,36,21.9,10.0,5
PRK,North Korea,2000,47,23.3,5.0,4
PRK,North Korea,2004,71,20.8,4.0,5
PRK,North Korea,2008,66,23.9,5.0,6
PUR,Puerto Rico,1964,45,22.9,0.0,0
PUR,Puerto Rico,1968,99,22.9,0.0,0
PUR,Puerto Rico,1972,60,25.5,0.0,0
PUR,Puerto Rico,1976,112,22.9,0.0,1
PUR,Puerto Rico,1980,3,19.0,1.0,0
PUR,Puerto Rico,1984,58,24.5,0.0,2
PUR,Puerto Rico,1988,56,23.7,2.0,0
PUR,Puerto Rico,1992,101,24.6,0.0,1
PUR,Puerto Rico,1996,91,26.1,1.0,1
PUR,Puerto Rico,2000,38,25.4,1.0,0
PUR,Puerto Rico,2004,52,26.4,0.0,0
PUR,Puerto Rico,2008,31,22.8,0.0,0
QAT,Qatar,1988,13,22.5,0.0,0
QAT,Qatar,1992,30,20.7,0.0,1
QAT,Qatar,1996,13,23.2,1.0,0
QAT,Qatar,2000,19,23.3,0.0,1
QAT,Qatar,2004,15,22.1,1.0,0
QAT,Qatar,2008,20,24.2,0.0,0
ROU,Romania,1964,232,25.6,15.0,16
ROU,Romania,1968,100,25.4,16.0,23
ROU,Romania,1972,258,24.2,23.0,40
ROU,Romania,1976,255,23.6,40.0,55
ROU,Romania,1980,339,24.3,55.0,68
ROU,Romania,1984,193,23.1,68.0,106
ROU,Romania,1988,172,21.9,106.0,58
ROU,Romania,1992,306,22.3,58.0,53
ROU,Romania,1996,284,23.0,53.0,38
ROU,Romania,2000,252,23.6,38.0,46
ROU,Romania,2004,193,24.8,46.0,39
ROU,Romania,2008,172,24.3,39.0,22
RSA,South Africa,1992,141,25.7,3.0,3
RSA,South Africa,1996,111,24.0,3.0,5
RSA,South Africa,2000,161,24.9,5.0,5
RSA,South Africa,2004,128,25.4,5.0,10
RSA,South Africa,2008,179,24.9,10.0,1
RUS,Russia,1996,552,24.3,14.0,115
RUS,Russia,2000,602,25.2,115.0,187
RUS,Russia,2004,593,26.0,187.0,189
RUS,Russia-2,2008,600,25.4,189.0,142
RWA,Rwanda,1988,8,23.0,0.0,0
RWA,Rwanda,1992,10,23.7,0.0,0
RWA,Rwanda,1996,4,22.5,0.0,0
RWA,Rwanda,2000,5,21.8,0.0,0
RWA,Rwanda,2004,5,26.0,0.0,0
RWA,Rwanda,2008,4,24.8,0.0,0
SAM,Samoa,1988,11,23.0,0.0,0
SAM,Samoa,1992,5,24.0,0.0,0
SAM,Samoa,1996,5,23.2,0.0,0
SAM,Samoa,2004,3,26.7,0.0,0
SAM,Samoa,2008,7,29.1,0.0,0
SCG,Serbia and Montenegro,2000,125,25.5,26.0,25
SCG,Serbia and Montenegro,2004,96,25.4,25.0,13
SEN,Senegal,1968,24,26.6,0.0,0
SEN,Senegal,1972,40,25.9,0.0,0
SEN,Senegal,1976,33,27.4,0.0,0
SEN,Senegal,1980,39,24.7,0.0,0
SEN,Senegal,1984,29,26.4,0.0,0
SEN,Senegal,1988,35,25.1,0.0,1
SEN,Senegal,1992,25,27.2,1.0,0
SEN,Senegal,1996,12,27.5,0.0,0
SEN,Senegal,2000,32,24.7,0.0,0
SEN,Senegal,2004,21,24.2,0.0,0
SEN,Senegal,2008,17,23.9,0.0,0
SEY,Seychelles,1984,15,23.3,0.0,0
SEY,Seychelles,1992,21,19.2,0.0,0
SEY,Seychelles,1996,9,24.1,0.0,0
SEY,Seychelles,2000,9,22.1,0.0,0
SEY,Seychelles,2004,10,23.4,0.0,0
SEY,Seychelles,2008,10,25.6,0.0,0
SGP,Singapore,1968,6,26.7,1.0,0
SGP,Singapore,1972,12,20.8,0.0,0
SGP,Singapore,1976,4,24.0,0.0,0
SGP,Singapore,1984,14,19.7,0.0,0
SGP,Singapore,1988,27,22.2,0.0,0
SGP,Singapore,1992,37,21.6,0.0,0
SGP,Singapore,1996,35,20.6,0.0,0
SGP,Singapore,2000,23,21.2,0.0,0
SGP,Singapore-1,2004,22,24.6,0.0,0
SGP,Singapore,2008,36,22.9,0.0,3
SKN,Saint Kitts and Nevis,2000,4,25.0,0.0,0
SKN,Saint Kitts and Nevis,2004,2,23.5,0.0,0
SKN,Saint Kitts and Nevis,2008,6,25.7,0.0,0
SLE,Sierra Leone,1980,32,22.4,0.0,0
SLE,Sierra Leone,1984,10,21.9,0.0,0
SLE,Sierra Leone,1988,20,22.9,0.0,0
SLE,Sierra Leone,1992,15,20.4,0.0,0
SLE,Sierra Leone,1996,19,23.3,0.0,0
SLE,Sierra Leone,2004,2,18.5,0.0,0
SLE,Sierra Leone,2008,3,21.0,0.0,0
SLO,Slovenia,1996,47,24.4,6.0,2
SLO,Slovenia,2000,90,25.2,2.0,3
SLO,Slovenia,2004,102,25.8,3.0,5
SLO,Slovenia,2008,73,26.5,5.0,5
SMR,San Marino,1968,4,28.5,0.0,0
SMR,San Marino,1972,7,28.6,0.0,0
SMR,San Marino,1976,10,28.3,0.0,0
SMR,San Marino,1980,16,28.8,0.0,0
SMR,San Marino,1984,31,25.9,0.0,0
SMR,San Marino,1988,15,25.8,0.0,0
SMR,San Marino,1992,20,25.4,0.0,0
SMR,San Marino,1996,7,25.6,0.0,0
SMR,San Marino,2000,4,28.8,0.0,0
SMR,San Marino,2004,5,27.2,0.0,0
SMR,San Marino,2008,4,26.8,0.0,0
SOL,Solomon Islands,1988,5,23.0,0.0,0
SOL,Solomon Islands,2000,2,22.0,0.0,0
SOL,Solomon Islands,2004,2,21.5,0.0,0
SOL,Solomon Islands,2008,3,22.0,0.0,0
SOM,Somalia,1984,9,19.8,0.0,0
SOM,Somalia,1988,5,23.2,0.0,0
SOM,Somalia,1996,4,28.0,0.0,0
SOM,Somalia,2000,2,23.0,0.0,0
SOM,Somalia,2004,2,17.0,0.0,0
SOM,Somalia,2008,2,17.5,0.0,0
SRB,Serbia,2008,97,25.9,0.0,15
SRI,Sri Lanka,1964,7,26.0,0.0,0
SRI,Sri Lanka,1968,3,31.0,0.0,0
SRI,Sri Lanka,1972,6,25.3,0.0,0
SRI,Sri Lanka,1980,4,28.0,0.0,0
SRI,Sri Lanka,1984,6,22.5,0.0,0
SRI,Sri Lanka,1988,9,23.2,0.0,0
SRI,Sri Lanka,1992,16,23.9,0.0,0
SRI,Sri Lanka,1996,11,26.4,0.0,0
SRI,Sri Lanka,2000,24,26.5,0.0,1
SRI,Sri Lanka,2004,8,27.2,1.0,0
SRI,Sri Lanka,2008,9,27.7,0.0,0
STP,Sao Tome and Principe,2000,2,24.5,0.0,0
STP,Sao Tome and Principe,2004,2,17.0,0.0,0
STP,Sao Tome and Principe,2008,4,21.2,0.0,0
SUD,Sudan,1968,7,32.0,0.0,0
SUD,Sudan,1972,31,24.7,0.0,0
SUD,Sudan,1984,9,27.2,0.0,0
SUD,Sudan,1988,8,27.8,0.0,0
SUD,Sudan,1992,7,26.0,0.0,0
SUD,Sudan,1996,4,25.0,0.0,0
SUD,Sudan,2000,3,19.0,0.0,0
SUD,Sudan,2004,4,23.2,0.0,0
SUD,Sudan,2008,9,22.2,0.0,1
SUI,Switzerland,1964,129,28.1,12.0,6
SUI,Switzerland,1968,155,26.0,6.0,13
SUI,Switzerland,1972,265,24.1,13.0,8
SUI,Switzerland,1976,101,25.6,8.0,10
SUI,Switzerland,1980,86,25.3,10.0,2
SUI,Switzerland,1984,245,23.7,2.0,13
SUI,Switzerland,1988,151,27.6,13.0,8
SUI,Switzerland,1992,171,26.3,8.0,1
SUI,Switzerland,1996,172,27.1,1.0,11
SUI,Switzerland,2000,138,27.4,11.0,14
SUI,Switzerland,2004,138,27.4,14.0,7
SUI,Switzerland,2008,116,27.4,7.0,11
SUR,Suriname,1972,3,19.0,0.0,0
SUR,Suriname,1976,4,23.0,0.0,0
SUR,Suriname,1984,7,19.8,0.0,0
SUR,Suriname,1988,10,21.4,0.0,1
SUR,Suriname,1992,9,21.7,1.0,1
SUR,Suriname,1996,11,21.3,1.0,0
SUR,Suriname,2000,5,23.6,0.0,0
SUR,Suriname,2004,4,23.5,0.0,0
SUR,Suriname,2008,4,19.0,0.0,0
SVK,Slovakia,2000,132,24.6,3.0,6
SVK,Slovakia,2004,84,26.2,6.0,10
SVK,Slovakia,2008,67,27.8,10.0,10
SWE,Sweden,1964,175,26.1,7.0,15
SWE,Sweden,1968,186,24.4,15.0,9
SWE,Sweden,1972,186,24.9,9.0,22
SWE,Sweden,1976,163,24.5,22.0,10
SWE,Sweden,1980,201,23.8,10.0,20
SWE,Sweden,1984,254,24.2,20.0,34
SWE,Sweden,1988,251,25.5,34.0,16
SWE,Sweden,1992,252,26.3,16.0,35
SWE,Sweden,1996,233,27.1,35.0,31
SWE,Sweden,2000,198,27.2,31.0,32
SWE,Sweden,2004,157,27.6,32.0,12
SWE,Sweden,2008,169,27.9,12.0,7
SWZ,Swaziland,1984,11,23.5,0.0,0
SWZ,Swaziland,1988,15,24.7,0.0,0
SWZ,Swaziland,1992,10,21.5,0.0,0
SWZ,Swaziland,1996,6,26.0,0.0,0
SWZ,Swaziland,2000,6,22.3,0.0,0
SWZ,Swaziland,2004,3,26.7,0.0,0
SWZ,Swaziland,2008,4,20.0,0.0,0
SYR,Syria,1980,71,24.5,0.0,0
SYR,Syria,1984,9,24.9,0.0,1
SYR,Syria,1988,13,22.8,1.0,0
SYR,Syria,1992,9,23.7,0.0,0
SYR,Syria,1996,8,23.8,0.0,1
SYR,Syria,2000,8,26.0,1.0,0
SYR,Syria,2004,6,27.2,0.0,1
SYR,Syria,2008,7,25.0,1.0,0
TAN,Tanzania,1968,5,21.0,0.0,0
TAN,Tanzania,1972,22,23.0,0.0,0
TAN,Tanzania,1980,48,25.0,0.0,2
TAN,Tanzania,1984,21,27.4,2.0,0
TAN,Tanzania,1988,10,23.5,0.0,0
TAN,Tanzania,1992,9,26.0,0.0,0
TAN,Tanzania,1996,7,25.9,0.0,0
TAN,Tanzania,2000,4,27.0,0.0,0
TAN,Tanzania,2004,9,24.4,0.0,0
TAN,Tanzania,2008,9,25.4,0.0,0
TCH,Czechoslovakia,1964,187,24.8,22.0,54
TCH,Czechoslovakia,1968,203,24.0,54.0,29
TCH,Czechoslovakia,1972,274,24.5,29.0,29
TCH,Czechoslovakia,1976,251,24.0,29.0,15
TCH,Czechoslovakia,1980,317,24.0,15.0,51
TCH,Czechoslovakia,1988,226,23.7,51.0,10
TCH,Czechoslovakia,1992,269,24.0,10.0,8
TGA,Tonga,1992,5,24.0,0.0,0
TGA,Tonga,1996,5,24.4,0.0,1
TGA,Tonga,2000,3,27.7,1.0,0
TGA,Tonga,2004,5,27.4,0.0,0
TGA,Tonga,2008,3,29.7,0.0,0
THA,Thailand,1964,67,25.2,0.0,0
THA,Thailand,1968,46,26.4,0.0,0
THA,Thailand,1972,37,29.2,0.0,0
THA,Thailand,1976,62,26.4,0.0,1
THA,Thailand,1984,40,27.8,1.0,1
THA,Thailand,1988,15,24.9,1.0,1
THA,Thailand,1992,64,22.2,1.0,1
THA,Thailand,1996,58,21.3,1.0,2
THA,Thailand,2000,68,23.0,2.0,3
THA,Thailand,2004,51,25.2,3.0,8
THA,Thailand,2008,53,24.6,8.0,4
TJK,Tajikistan,2000,4,22.2,0.0,0
TJK,Tajikistan,2004,9,29.3,0.0,0
TJK,Tajikistan,2008,16,27.3,0.0,2
TKM,Turkmenistan,2000,8,25.4,0.0,0
TKM,Turkmenistan,2004,10,24.7,0.0,0
TKM,Turkmenistan,2008,10,23.7,0.0,0
TLS,Timor Leste,2008,1,24.0,0.0,0
TOG,Togo,1984,6,25.2,0.0,0
TOG,Togo,1988,6,23.3,0.0,0
TOG,Togo,1992,9,24.3,0.0,0
TOG,Togo,1996,7,26.3,0.0,0
TOG,Togo,2000,3,19.3,0.0,0
TOG,Togo,2004,3,22.7,0.0,0
TOG,Togo,2008,4,27.5,0.0,1
TPE,Chinese Taipei,1964,96,24.3,1.0,0
TPE,Chinese Taipei,1968,93,23.9,0.0,1
TPE,Chinese Taipei,1972,44,21.6,1.0,0
TPE,Chinese Taipei,1984,52,22.8,0.0,1
TPE,Chinese Taipei,1988,123,22.0,1.0,0
TPE,Chinese Taipei,1992,38,24.8,0.0,20
TPE,Chinese Taipei,1996,107,22.2,20.0,1
TPE,Chinese Taipei-1,2000,75,22.3,1.0,5
TPE,Chinese Taipei,2004,104,22.9,5.0,9
TPE,Chinese Taipei,2008,92,24.8,9.0,4
TTO,Trinidad and Tobago,1964,18,25.0,0.0,6
TTO,Trinidad and Tobago,1968,25,24.3,6.0,0
TTO,Trinidad and Tobago,1972,36,22.9,0.0,0
TTO,Trinidad and Tobago,1976,20,24.4,0.0,1
TTO,Trinidad and Tobago,1980,15,27.1,1.0,0
TTO,Trinidad and Tobago,1984,23,22.0,0.0,0
TTO,Trinidad and Tobago,1988,10,23.2,0.0,0
TTO,Trinidad and Tobago,1992,13,25.1,0.0,0
TTO,Trinidad and Tobago,1996,16,24.0,0.0,2
TTO,Trinidad and Tobago,2000,29,23.3,2.0,2
TTO,Trinidad and Tobago,2004,26,24.2,2.0,1
TTO,Trinidad and Tobago,2008,35,24.7,1.0,6
TUN,Tunisia,1964,12,25.2,0.0,2
TUN,Tunisia,1968,8,25.4,2.0,2
TUN,Tunisia,1972,37,23.3,2.0,1
TUN,Tunisia,1976,16,22.7,1.0,0
TUN,Tunisia,1984,28,22.1,0.0,0
TUN,Tunisia,1988,45,24.2,0.0,0
TUN,Tunisia,1992,15,24.7,0.0,0
TUN,Tunisia,1996,52,23.8,0.0,1
TUN,Tunisia,2000,47,24.4,1.0,0
TUN,Tunisia,2004,64,23.2,0.0,0
TUN,Tunisia,2008,29,23.7,0.0,1
TUR,Turkey,1964,25,29.0,9.0,6
TUR,Turkey,1968,30,27.1,6.0,2
TUR,Turkey,1972,50,25.8,2.0,1
TUR,Turkey,1976,28,25.9,1.0,0
TUR,Turkey,1984,62,24.8,0.0,3
TUR,Turkey,1988,51,23.6,3.0,2
TUR,Turkey,1992,54,23.1,2.0,6
TUR,Turkey,1996,61,24.4,6.0,6
TUR,Turkey,2000,67,23.9,6.0,5
TUR,Turkey,2004,74,24.3,5.0,11
TUR,Turkey,2008,71,25.6,11.0,7
UAE,United Arab Emirates,1992,36,21.6,0.0,0
UAE,United Arab Emirates,1996,4,23.8,0.0,0
UAE,United Arab Emirates,2000,5,27.6,0.0,0
UAE,United Arab Emirates,2004,5,29.4,0.0,1
UAE,United Arab Emirates,2008,9,27.8,1.0,0
UGA,Uganda,1964,19,23.2,0.0,0
UGA,Uganda,1968,14,22.6,0.0,2
UGA,Uganda,1972,35,25.5,2.0,2
UGA,Uganda,1980,16,24.5,2.0,1
UGA,Uganda,1984,30,24.4,1.0,0
UGA,Uganda,1988,30,23.8,0.0,0
UGA,Uganda,1992,9,22.6,0.0,0
UGA,Uganda,1996,12,25.4,0.0,1
UGA,Uganda,2000,13,24.5,1.0,0
UGA,Uganda,2004,11,20.9,0.0,0
UGA,Uganda,2008,11,23.5,0.0,0
UKR,Ukraine,2000,368,24.5,34.0,35
UKR,Ukraine,2004,357,24.4,35.0,47
UKR,Ukraine,2008,327,24.9,47.0,31
URS,Soviet Union,1964,463,26.0,169.0,174
URS,Soviet Union,1968,471,24.4,174.0,192
URS,Soviet Union,1972,531,24.9,192.0,214
URS,Soviet Union,1976,574,24.0,214.0,286
URS,Soviet Union,1980,660,23.7,286.0,442
URS,Soviet Union,1988,647,24.1,442.0,300
URU,Uruguay,1964,29,25.4,0.0,1
URU,Uruguay,1968,50,20.8,1.0,0
URU,Uruguay,1972,20,22.7,0.0,0
URU,Uruguay,1976,15,20.8,0.0,0
URU,Uruguay,1984,23,22.0,0.0,0
URU,Uruguay,1988,18,24.2,0.0,0
URU,Uruguay,1992,18,27.4,0.0,0
URU,Uruguay,1996,15,25.1,0.0,0
URU,Uruguay,2000,17,25.8,0.0,1
URU,Uruguay,2004,18,24.3,1.0,0
URU,Uruguay,2008,13,25.3,0.0,0
USA,United States,1964,492,23.5,125.0,169
USA,United States,1968,529,23.5,169.0,166
USA,United States,1972,578,23.6,166.0,171
USA,United States,1976,554,23.0,171.0,164
USA,United States,1984,693,24.6,164.0,352
USA,United States,1988,715,25.2,352.0,207
USA,United States,1992,734,25.7,207.0,224
USA,United States,1996,839,26.4,224.0,259
USA,United States,2000,764,26.6,259.0,242
USA,United States,2004,726,26.5,242.0,263
USA,United States,2008,763,26.4,263.0,317
UZB,Uzbekistan,2000,85,24.4,2.0,4
UZB,Uzbekistan,2004,79,23.7,4.0,5
UZB,Uzbekistan,2008,69,23.3,5.0,6
VAN,Vanuatu,1992,8,21.6,0.0,0
VAN,Vanuatu,1996,4,25.8,0.0,0
VAN,Vanuatu,2000,3,38.7,0.0,0
VAN,Vanuatu,2004,2,18.0,0.0,0
VAN,Vanuatu,2008,3,21.0,0.0,0
VEN,Venezuela,1964,23,29.9,1.0,0
VEN,Venezuela,1968,30,28.2,0.0,1
VEN,Venezuela,1972,33,21.8,1.0,0
VEN,Venezuela,1976,56,19.1,0.0,1
VEN,Venezuela,1980,43,21.8,1.0,1
VEN,Venezuela,1984,44,23.5,1.0,3
VEN,Venezuela,1988,17,23.2,3.0,0
VEN,Venezuela,1992,27,25.6,0.0,0
VEN,Venezuela,1996,53,23.5,0.0,0
VEN,Venezuela,2000,65,23.0,0.0,0
VEN,Venezuela,2004,53,24.4,0.0,2
VEN,Venezuela,2008,126,24.4,2.0,1
VIE,Vietnam,1988,12,22.9,0.0,0
VIE,Vietnam,1992,10,23.6,0.0,0
VIE,Vietnam,1996,6,22.2,0.0,0
VIE,Vietnam,2000,7,22.4,0.0,1
VIE,Vietnam,2004,11,22.5,1.0,0
VIE,Vietnam,2008,18,25.1,0.0,1
VIN,Saint Vincent and the Grenadines,1992,8,22.0,0.0,0
VIN,Saint Vincent and the Grenadines,1996,12,21.8,0.0,0
VIN,Saint Vincent and the Grenadines,2000,4,21.0,0.0,0
VIN,Saint Vincent and the Grenadines,2004,3,21.3,0.0,0
VIN,Saint Vincent and the Grenadines,2008,2,24.0,0.0,0
VNM,South Vietnam,1964,23,27.6,0.0,0
VNM,South Vietnam,1968,9,27.6,0.0,0
VNM,South Vietnam,1972,2,43.0,0.0,0
YAR,North Yemen,1988,8,20.1,0.0,0
YEM,Yemen,1996,4,24.8,0.0,0
YEM,Yemen,2000,2,25.0,0.0,0
YEM,Yemen,2004,3,20.0,0.0,0
YEM,Yemen,2008,8,21.4,0.0,0
YUG,Yugoslavia,1964,123,25.0,17.0,15
YUG,Yugoslavia,1968,130,24.2,15.0,29
YUG,Yugoslavia,1972,212,24.6,29.0,18
YUG,Yugoslavia,1976,95,24.4,18.0,19
YUG,Yugoslavia,1980,180,24.3,19.0,57
YUG,Yugoslavia,1984,154,24.6,57.0,87
YUG,Yugoslavia,1988,183,23.9,87.0,63
ZAM,Zambia,1968,7,20.1,0.0,0
ZAM,Zambia,1972,12,21.2,0.0,0
ZAM,Zambia,1980,43,27.2,0.0,0
ZAM,Zambia,1984,18,22.3,0.0,1
ZAM,Zambia,1988,33,24.0,1.0,0
ZAM,Zambia,1992,11,22.8,0.0,0
ZAM,Zambia,1996,8,25.8,0.0,1
ZAM,Zambia,2000,8,23.0,1.0,0
ZAM,Zambia,2004,6,22.5,0.0,0
ZAM,Zambia,2008,8,21.9,0.0,0
ZIM,Zimbabwe,1964,33,25.3,0.0,0
ZIM,Zimbabwe,1980,52,26.9,0.0,15
ZIM,Zimbabwe,1984,20,29.1,15.0,0
ZIM,Zimbabwe,1988,47,25.1,0.0,0
ZIM,Zimbabwe,1992,28,21.2,0.0,0
ZIM,Zimbabwe,1996,21,23.8,0.0,0
ZIM,Zimbabwe,2000,26,25.0,0.0,0
ZIM,Zimbabwe,2004,14,25.1,0.0,3
ZIM,Zimbabwe,2008,16,26.1,3.0,4
